{"count":1,"gauges":{"HerbivoreBrain.CumulativeReward":{"count":122,"max":3.29999971,"min":-1,"value":-0.399999976,"weightedAverage":-0.458215058}},"self":239.2836352,"total":509.17503389999996,"children":{"AgentSendState":{"count":235367,"self":3.5221508,"total":11.5393179,"children":{"CollectObservations":{"count":46728,"self":1.3907235999999998,"total":1.3907235999999998,"children":null},"CollectDiscreteActionMasks":{"count":46728,"self":0.15789129999999998,"total":0.15789129999999998,"children":null},"AgentInfo.ToProto":{"count":46728,"self":0.5691178,"total":6.4685521,"children":{"GenerateSensorData":{"count":46728,"self":1.348706,"total":5.8994342999999994,"children":{"RayPerceptionSensor.Perceive":{"count":46728,"self":4.5507284,"total":4.5507282999999994,"children":null}}}}}}},"DecideAction":{"count":235367,"self":256.81968639999997,"total":256.819677,"children":null},"AgentAct":{"count":235367,"self":1.5114161,"total":1.5114161,"children":null},"AgentInfo.ToProto":{"count":122,"self":0.0039978999999999995,"total":0.020988299999999998,"children":{"GenerateSensorData":{"count":122,"self":0.0029976,"total":0.0169904,"children":{"RayPerceptionSensor.Perceive":{"count":122,"self":0.0139928,"total":0.0139928,"children":null}}}}}}}